{
  "num_nodes": 3000,
  "num_edges": 659758,
  "avg_degree": 439.83866666666665,
  "density": 0.14666177614760476,
  "num_labels": 20,
  "l_mean": 2.996,
  "l_min": 0,
  "l_max": 9,
  "unlabeled_fraction": 0.005333333333333333,
  "label_homophily": 0.4129049888450119,
  "alpha": 12.5,
  "b": 0.12,
  "target_h": 0.4,
  "actual_h": 0.4129049888450119
}