{
  "num_nodes": 3000,
  "num_edges": 43215,
  "avg_degree": 28.81,
  "density": 0.009606535511837279,
  "num_labels": 20,
  "l_mean": 2.996,
  "l_min": 0,
  "l_max": 9,
  "unlabeled_fraction": 0.005333333333333333,
  "label_homophily": 0.7928221702882335,
  "alpha": 7.8125,
  "b": 0.04,
  "target_h": 0.8,
  "actual_h": 0.7928221702882335
}