{
  "num_nodes": 3000,
  "num_edges": 2161673,
  "avg_degree": 1441.1153333333334,
  "density": 0.48053195509614316,
  "num_labels": 5,
  "l_mean": 1.1573333333333333,
  "l_min": 0,
  "l_max": 4,
  "unlabeled_fraction": 0.058333333333333334,
  "label_homophily": 0.3918570587314484,
  "alpha": 6.25,
  "b": 0.35,
  "target_h": 0.4,
  "actual_h": 0.3918570587314484
}