{
  "num_nodes": 3000,
  "num_edges": 2801585,
  "avg_degree": 1867.7233333333334,
  "density": 0.6227820384572635,
  "num_labels": 20,
  "l_mean": 6.765333333333333,
  "l_min": 0,
  "l_max": 16,
  "unlabeled_fraction": 0.0026666666666666666,
  "label_homophily": 0.4155142389506785,
  "alpha": 3.125,
  "b": 0.35,
  "target_h": 0.4,
  "actual_h": 0.4155142389506785
}