{
  "num_nodes": 3000,
  "num_edges": 2385258,
  "avg_degree": 1590.172,
  "density": 0.5302340780260086,
  "num_labels": 5,
  "l_mean": 1.4063333333333334,
  "l_min": 0,
  "l_max": 4,
  "unlabeled_fraction": 0.028333333333333332,
  "label_homophily": 0.3833045372301774,
  "alpha": 1.5625,
  "b": 0.35,
  "target_h": 0.4,
  "actual_h": 0.3833045372301774
}