{
  "num_nodes": 3000,
  "num_edges": 994633,
  "avg_degree": 663.0886666666667,
  "density": 0.22110325664110259,
  "num_labels": 100,
  "l_mean": 10.928333333333333,
  "l_min": 0,
  "l_max": 44,
  "unlabeled_fraction": 0.0006666666666666666,
  "label_homophily": 0.18577652602523512,
  "alpha": 50.0,
  "b": 0.12,
  "target_h": 0.4,
  "actual_h": 0.18577652602523512
}