{
  "num_nodes": 3000,
  "num_edges": 22009,
  "avg_degree": 14.672666666666666,
  "density": 0.004892519728798488,
  "num_labels": 20,
  "l_mean": 2.996,
  "l_min": 0,
  "l_max": 9,
  "unlabeled_fraction": 0.005333333333333333,
  "label_homophily": 0.9999908629905432,
  "alpha": 50.0,
  "b": 0.04,
  "target_h": 1.0,
  "actual_h": 0.9999908629905432
}