{
  "num_nodes": 3000,
  "num_edges": 190124,
  "avg_degree": 126.74933333333334,
  "density": 0.04226386573302212,
  "num_labels": 20,
  "l_mean": 2.996,
  "l_min": 0,
  "l_max": 9,
  "unlabeled_fraction": 0.005333333333333333,
  "label_homophily": 0.5951940548118787,
  "alpha": 12.5,
  "b": 0.08,
  "target_h": 0.6,
  "actual_h": 0.5951940548118787
}