{
  "num_nodes": 3000,
  "num_edges": 2248653,
  "avg_degree": 1499.102,
  "density": 0.49986728909636546,
  "num_labels": 20,
  "l_mean": 2.996,
  "l_min": 0,
  "l_max": 9,
  "unlabeled_fraction": 0.005333333333333333,
  "label_homophily": 0.18525250206799795,
  "alpha": 0.0,
  "b": 0.2,
  "target_h": 0.1,
  "actual_h": 0.18525250206799795
}