{
  "num_nodes": 3000,
  "num_edges": 1161410,
  "avg_degree": 774.2733333333333,
  "density": 0.2581771701678337,
  "num_labels": 20,
  "l_mean": 5.346,
  "l_min": 0,
  "l_max": 14,
  "unlabeled_fraction": 0.004333333333333333,
  "label_homophily": 0.3971026135648311,
  "alpha": 6.25,
  "b": 0.2,
  "target_h": 0.4,
  "actual_h": 0.3971026135648311
}