{
  "num_nodes": 3000,
  "num_edges": 2248653,
  "avg_degree": 1499.102,
  "density": 0.49986728909636546,
  "num_labels": 20,
  "l_mean": 7.729333333333333,
  "l_min": 0,
  "l_max": 17,
  "unlabeled_fraction": 0.0026666666666666666,
  "label_homophily": 0.41472817998705125,
  "alpha": 0.0,
  "b": 0.35,
  "target_h": 0.4,
  "actual_h": 0.41472817998705125
}